time,latency,confidence,embedding_norm
0,114.66201273332119,0.9199268230110681,9.345578280934706
1,113.37086883068804,0.8731549171543223,9.807430383327732
2,107.8463599749757,0.8925169930675875,9.667041243929708
3,112.58279283921718,0.89781206749183,10.375361683149992
4,111.99348726143441,0.9106286081651129,10.16434171657261
5,96.08012092362581,0.907126614212508,9.34928743923987
6,90.36346585340245,0.9081856354931617,10.70547620002904
7,101.20579301968031,0.8894521665255414,9.439776216441466
8,110.56215886925496,0.9071769961442022,10.401257154823085
9,95.89911997416282,0.9024506728708851,10.074735794806562
10,99.05963317132685,0.8627889613028799,10.8650701957035
11,96.48487184678369,0.8426323015354693,9.92592094625696
12,90.86615140072898,0.8745664632850673,9.322728752139307
13,104.02028000759765,0.8890822171772175,10.120094360837916
14,112.7917284284973,0.9039742958945809,10.12505737929734
15,102.50194070493195,0.8755381908093659,10.400162588971769
16,107.37983313686783,0.9186278631096789,9.775114161834425
17,105.26383048121914,0.9193523133543932,10.654755932832607
18,114.68767588224968,0.9021445773277782,9.684918795564636
19,108.60900270762279,0.917189340932701,10.277165346509054
20,97.56373804437945,0.9063892996760264,10.040093410496674
21,119.13449474496187,0.903991577737352,9.261798657274092
22,102.93261477497734,0.9259163727611467,9.500252512226307
23,93.99636137694674,0.9398954948667215,10.156625087320803
24,109.23079134459985,0.902138342097379,9.999773655562828
25,105.26878619268656,0.8990212383894252,11.020015461264508
26,111.57999769212002,0.8910117292632519,10.095612525012653
27,87.831021734164,0.9114190011953694,9.838523264913356
28,84.47467553047785,0.9132857451040525,9.67185746180041
29,95.90129762516115,0.8809790260848706,9.858290822021097
30,100.22497909830457,0.9149049454843976,9.789396890509536
31,100.97026520330459,0.91272701621435,10.308193812255965
32,78.12364424429298,0.9168782360135418,9.526836718004432
33,92.54316782504256,0.9030235883737465,9.893986089473373
34,82.61053003520917,0.8851049633476444,10.558992619119742
35,107.43827645057702,0.8774455801530453,10.675721294490678
36,109.70060138856643,0.8816571665649373,10.246850516364132
37,106.37235005303809,0.894465243809112,9.55205408070663
38,102.27158411649,0.9431729907385422,9.77891972977139
39,96.90930140678694,0.8805603725744703,9.359721512676092
40,102.66428613035421,0.9158952310415883,10.182473647364846
41,107.87484725115914,0.905298751267524,10.209031400208062
42,101.26267137557771,0.9230240264471268,9.792631041137497
43,96.74082217049055,0.9139512823564286,9.59282836984797
44,91.23170075827153,0.9210904618691526,9.83300683423443
45,103.72580421663254,0.8961221409414694,10.313582310103872
46,110.93360274474885,0.887044304242078,9.973684309220772
47,99.64179385531904,0.8852617735626921,9.777090021653892
48,86.98921212139246,0.9037816445122813,10.623663573281501
49,94.77323380576469,0.8946805474284091,9.603471597768575
50,111.42605243951866,0.8813338312887524,10.153116154613274
51,104.88932020789142,0.8923868454656149,9.992931061784788
52,95.10400639619311,0.876646554323668,9.413898847782159
53,115.83932311035814,0.8689036672318813,10.138744922742259
54,90.08521355974696,0.8909753845207548,10.255930656610861
55,107.91374510794309,0.8982470078290062,10.390324959060788
56,103.61203293448438,0.9277913389431228,10.904971612178603
57,92.78101739494623,0.8607556762999663,10.47986500495303
58,100.03412081017167,0.9074255941770437,9.567522168180906
59,118.07594361981148,0.8902122919347807,10.197186521185806
60,76.44673435228106,0.885855298690023,10.567347670562507
61,110.34991202454314,0.9193004074346044,9.563542517499098
62,83.09823628985497,0.9101136410334252,9.75275039178387
63,101.98635711582415,0.893100877199002,9.519146890832436
64,103.56488511950826,0.9430119957490244,9.693204026207692
65,88.94280977985889,0.8958640070800044,9.425822838612746
66,96.2629655597384,0.8858968426561868,9.685619582145348
67,98.39645335069305,0.8935976776034344,10.921326375843773
68,97.62695317426612,0.9052172782523374,10.578512047528735
69,79.6663092726504,0.8965670507643531,9.669480572297234
70,89.56334477775248,0.898438966335001,9.049066788137173
71,106.72186217439541,0.9116079456227855,10.518043100257072
72,91.67328458428011,0.9027129301808658,10.000982039378734
73,114.43339858701945,0.9088780035484225,9.881038384108878
74,106.53395952486417,0.8724306252961528,10.58411463128121
75,94.4687793999841,0.8923069786385498,10.502414699317535
76,107.23715884786498,0.9091982746111666,9.586277947368629
77,88.40095280823564,0.8866233689645256,10.296056278845288
78,104.93099119530686,0.9206221869646003,9.665185191393464
79,107.58420401935321,0.9176994907380619,10.180449104749245
80,105.17956480830874,0.8777639728412856,10.83980317807072
81,94.49903914815916,0.911552106343399,10.561827642972135
82,104.36152221055083,0.8900390813690949,9.892198079691253
83,99.05711984278165,0.924912450450224,10.121503264107512
84,102.16760774984819,0.9211327510119314,9.38939045895209
85,106.77296504407423,0.937683534138992,9.652920028689003
86,80.37405381114111,0.902269538189205,9.955776015770194
87,103.94343591884346,0.9315968729421967,10.06482407736695
88,89.18989598513274,0.9059304641207955,11.151159482914569
89,99.4227354063542,0.8975119350420551,9.978692242102824
90,111.05992158869277,0.890415192587054,9.562355142693166
91,85.56940032422285,0.9378961893533613,9.868947455204463
92,94.30493840407266,0.9228280330147454,9.945826490377483
93,94.1160698629225,0.918263020574639,9.60878814677849
94,112.49654457686422,0.8984767193788225,10.461125626361902
95,92.53568797492255,0.8965999003428082,9.15452968247606
96,107.08781952747835,0.9021150214663126,9.681390242694224
97,107.13045323694641,0.8811372752752215,8.880909646973782
98,91.6158386464105,0.8732700892593719,9.14320585203403
99,101.15522892270623,0.9326880459047724,10.251969663143056
100,105.8217258684515,0.9156373490609905,9.546636196222025
101,91.6626814828905,0.9190546530049319,10.437453344326128
102,85.01450799859718,0.9277425851422906,9.489381644636484
103,98.6594048678285,0.9038824226909069,10.640544879450996
104,100.81450541308506,0.8994363802371153,9.840082758273855
105,120.46957478143199,0.912322879089686,9.356170085213344
106,100.02456794061268,0.8724114654927166,9.84574512351486
107,109.27100974800898,0.9120345810382448,10.720035616304557
108,81.52519780581635,0.8924812882313379,9.59520239965455
109,103.88389612195073,0.9163571767629316,9.962489766567673
110,104.68165346629286,0.9164548721628993,9.153200422639502
111,112.37815555986981,0.9233622749278801,10.626146266744984
112,95.89219681281564,0.9097558674148873,10.175214763012413
113,113.3623482099503,0.9397549278739767,10.179912492556054
114,108.39641492666745,0.9276649268076662,10.586494567279695
115,99.38519414656683,0.9073795948856754,11.003638885309844
116,115.45197091373376,0.894982991523156,10.647060166967545
117,93.54882701892997,0.900635445349373,10.064882489439164
118,102.74208230691796,0.9092871420539531,9.376280028576186
119,109.76773645151138,0.908371907176635,9.769451707470797
120,84.53367587619188,0.9118419669714549,9.000422454253947
121,81.28971863430219,0.916769447259614,9.70197762671992
122,100.78203396374766,0.9096212080541033,9.36522489269014
123,90.43404059609537,0.9172793275456924,10.264533371024548
124,107.62008033421228,0.8935490271477815,9.17893806317525
125,96.0529712903872,0.8888320945599383,10.367655276984596
126,99.77309138603074,0.8817564472439444,9.510992547105984
127,104.18786551053518,0.9069937444043622,9.943535199456223
128,105.80975901852352,0.945593092434203,10.468920471960423
129,97.04377388843442,0.8964214610986881,9.336349111993366
130,92.54792023962042,0.9177322436870918,10.177879469656746
131,96.42966904554486,0.9138849823986438,10.24188613582492
132,80.94500512197123,0.9061568688695003,10.08629782943099
133,99.23059335277485,0.9456471284380359,9.59441984910071
134,105.2934476456737,0.9100654359993279,9.171923707727801
135,105.17141579400449,0.9096590520324545,9.879405287661223
136,112.1115889491902,0.8958328430763561,9.914069857104181
137,110.96483038685285,0.9032815505923275,9.6993627728406
138,101.22834287370034,0.9118364767482207,9.624168539008254
139,83.09129520187577,0.8980884491063167,10.868786092600827
140,100.56638151089007,0.9115850262435962,9.115690576916549
141,105.80743803807138,0.8780987050568784,9.039349264536346
142,111.95944301752753,0.9159411804837932,9.898685231949544
143,105.10939771236553,0.8944487412664597,10.17681291852262
144,96.45133407549395,0.9184877795867835,9.791573296714255
145,97.92401595950611,0.8626409835679287,9.252595899870398
146,109.8037991646061,0.8800733738746498,9.076112186836749
147,95.30995292837427,0.8911953020429513,10.290525017957362
148,96.82743012505095,0.9058642414866951,10.484215182274802
149,94.87800845344482,0.904823701653963,9.526654932692077
150,106.16280947593279,0.9132836785702596,9.6296216368054
151,109.62614069563138,0.9217684131146424,9.668647105226118
152,97.8083018449495,0.8925655808366916,10.222847202679594
153,90.19097431132604,0.8617832982293655,11.006068992582072
154,107.958491991583,0.8761782024708623,9.943645848887916
155,104.04760321755826,0.9246344329010239,9.605801354490366
156,90.28586314547877,0.9215851700407284,10.645386014442371
157,88.58614162533472,0.9122909757561308,10.735673422744128
158,92.56687376693216,0.8751066562481152,9.692108012235481
159,114.86591200500744,0.8823906645122356,10.499512969156862
160,69.25192845426142,0.8870392227126248,9.829312179753112
161,93.6490823172494,0.9151905698862357,10.098520587410748
162,93.54428605767909,0.8932318829477202,9.805870845872217
163,95.22468095075689,0.9395968582260431,9.381101588965603
164,84.57158138657566,0.8716212440720285,9.630035187659022
165,97.31738032027374,0.9067565409029297,10.737183943515085
166,106.45232102431926,0.9074320534751751,10.191769013842178
167,89.25277869956253,0.9013668068790391,9.85846056374734
168,107.48278525987948,0.9213027303308476,9.173816975584964
169,97.67048299823628,0.9053108822083009,9.928157732453322
170,94.77879233840811,0.8994424303315375,10.381886556382227
171,120.62378419618003,0.913114592801319,10.023874491745113
172,93.76186165412417,0.9358725451589597,9.96343065925163
173,86.26787156351511,0.9167653048267499,9.875485594870513
174,120.9122515573617,0.8876863916166534,10.279394809275722
175,115.76601063886064,0.9057722609388498,9.635132627191963
176,96.56007663203835,0.8947589676005576,9.47186776207763
177,94.0503400711196,0.9099123562004412,9.191071056111532
178,87.93539067988061,0.8781441788246855,10.598426916226343
179,94.2873665586145,0.9139549402954337,10.320874674519493
180,95.28027480055262,0.9225808057836641,10.251732937720982
181,102.28857703157955,0.8716074710858289,11.010065080704969
182,91.23927947725953,0.9125190135872361,10.849762338201229
183,108.75288671825665,0.8765126207698729,9.46899187137359
184,95.54245482807647,0.9153591117029356,9.442049631125965
185,107.3181752773518,0.9190813243046855,10.12987770515177
186,98.41674607349316,0.9070326721361066,10.198989136168386
187,109.71370446199526,0.8993294098487656,9.538604827458903
188,112.43397257093041,0.8743954809227037,10.54871262106388
189,109.33627935893651,0.9266887467592895,9.864593124442628
190,100.66876512367756,0.9180648890928421,9.989241531099037
191,134.64030908092911,0.9154113763138533,9.643271909036445
192,92.92066317228584,0.8703284971509821,10.232908156931169
193,100.25626525311112,0.9029161677943522,9.192350412101163
194,94.72535021124553,0.8948189440159853,9.864225075785967
195,108.06348872701845,0.9026984787004375,9.794934081020351
196,103.13760429092663,0.8669104095566456,10.03757911350454
197,100.71000085165855,0.9047057661743079,9.498077781698012
198,104.35875569304437,0.9236669192464614,10.264404813197451
199,61.67311024958801,0.8932469090810298,10.10887069341518
200,95.14194007157576,0.874487880106828,9.916378933350424
201,104.05711942950875,0.8963069268391928,9.38473690435716
202,103.3270067301455,0.8997698126318928,9.859662452139244
203,122.65023378840058,0.902491718085906,10.363366059545465
204,96.12489339656477,0.9081127387968159,10.28526546231572
205,91.03494423893356,0.8871747756116156,10.793343322078533
206,98.08292974576146,0.9462143958372536,10.070375399255168
207,101.27676603289828,0.9227746919079864,9.511387567378796
208,98.40669360603604,0.8694513066802091,9.712641642725384
209,75.15228491504816,0.9003958267722072,10.029604339235233
210,80.84730132782077,0.9079593308026175,9.961340604479636
211,105.44725214677555,0.9240097655921378,10.393659730239659
212,100.29080572199632,0.9002910014329212,10.68903823951204
213,104.1480186179579,0.8943381816850888,9.143863132564807
214,108.01470347430002,0.8635852358129851,9.488945579075661
215,109.80253367715923,0.8823051669860578,10.418390571404048
216,87.89363788181606,0.8885077181807902,9.196018047103774
217,104.89057922122662,0.8822727843075441,9.787304335657748
218,110.60856114192465,0.9120943952911567,10.644936429758255
219,107.53475129400196,0.9003555636034851,9.793508485209719
220,99.2773406999818,0.9107955045156072,10.472362402900188
221,100.03128330341097,0.8731780207582167,10.355229950430124
222,106.50099860202016,0.9022826918993464,9.285485631438867
223,100.65408794457618,0.9192743094578948,9.491371519636763
224,111.40209370199533,0.8835956521456627,10.389852355667967
225,95.46052773329369,0.8948485153558843,9.396864165145848
226,106.62366073782377,0.8997847755588798,9.918323870374742
227,115.17357481657005,0.8651210485778051,9.364623714273836
228,95.97707661515473,0.8695097280928598,10.520691895926415
229,109.83663312524416,0.9146864717260794,10.083616419577105
230,99.81471611268066,0.9133199077135035,10.535425179910158
231,119.92337547894505,0.9039509599123927,10.016194852840773
232,102.11215907949186,0.8668526135593791,9.872116395826557
233,99.48873867673659,0.9011498294206254,10.114545228571528
234,93.17312650654027,0.9136534363855608,9.732897927495584
235,89.32299905936551,0.8774432369908274,10.224642132222792
236,68.96101482186252,0.9087072999908089,10.174521715367943
237,107.1492608798117,0.8819013100679585,9.915710316766681
238,63.42689796877061,0.8868347501970264,10.421004405388008
239,106.1311821773149,0.9086356132980435,9.83521328974139
240,104.87146908653945,0.8667530857422704,10.118791703827833
241,113.90012269038583,0.8922067167312534,10.138439354828089
242,108.60527997989078,0.9146110635968231,9.827969854824437
243,109.2399494425989,0.9161788894932752,10.472757583707773
244,101.11862604526063,0.8796282471542574,9.81467662787402
245,100.70731279497483,0.9034166464655283,9.950069141110983
246,94.77818122375336,0.8579660423456797,10.549337721708437
247,103.38745088702345,0.9024861562895811,8.785873410429337
248,103.62360483755191,0.9122115798878646,10.181531424594496
249,105.24198769539937,0.8811452408655397,10.361394152317999
250,99.98715146745259,0.9363156548957684,9.277832764284206
251,113.8209530393914,0.9175773876075624,9.2911868946714
252,101.07254878400383,0.8989368896267187,9.285859761237075
253,111.08911694790277,0.9004334159835725,9.78837576926841
254,103.92912933029928,0.8895667684690305,10.038077455286123
255,84.90450572421642,0.8999338453347564,9.942536347852615
256,87.60088712153315,0.8972145781701303,9.6509571333809
257,88.31311842069508,0.8380202528944436,9.975614184941357
258,88.76807105085668,0.9175132567435171,9.91079740249547
259,91.63406810137826,0.8726851751473009,9.747121817385898
260,106.84524872632011,0.8718520440979872,10.438050372351892
261,87.87798298573561,0.8807505332230492,10.025958725340622
262,94.74279276757865,0.9002694735734987,10.02195160776069
263,111.3811818463577,0.8957156084555008,9.436776464739872
264,92.81939142782961,0.9159113695013108,9.575734783922668
265,98.56030364294357,0.9368117487720625,10.317445494216585
266,104.24874168202516,0.9241655527323451,9.576316148681652
267,108.70269078352396,0.9094809137531665,10.653452524788177
268,101.68153578260281,0.8909543645279953,10.6102287134612
269,108.04274090689266,0.8968079985775209,9.99651007107173
270,99.39411044075008,0.9099955604962626,10.008814969930157
271,72.4130192154079,0.9091710609901409,9.758615541940536
272,93.88374419547635,0.9091867022235393,9.640655440996436
273,95.28181409174455,0.8792235060091784,10.479544282081694
274,101.08177168949132,0.8883704729899966,10.743088327346548
275,110.70720523966442,0.8847833221600704,10.309684746628601
276,100.29964895262752,0.9035562090725261,10.150451838802056
277,102.65734113524532,0.902963238156226,9.253721413195601
278,95.8622512429609,0.8662661657993579,9.371211146674634
279,98.83765437450698,0.9295420482296435,10.0678586535245
280,99.56758338577603,0.9067180846395527,10.37397509024042
281,107.65377255914478,0.9178470578814983,9.36227633616677
282,100.50497348690986,0.9136598339470328,9.91389965932002
283,101.01549222794819,0.9347608934450897,9.630736067860918
284,108.59996088324186,0.8945362556565924,10.183744654951296
285,89.8207515858924,0.9085468840279173,9.25966873225055
286,98.30262928710063,0.893074935164115,10.361620175682765
287,110.54324646128339,0.900488878120432,10.696898165022937
288,96.34840240362213,0.912062871552349,10.200205789223467
289,96.94079938421919,0.8974067491365397,10.25946601725692
290,129.86046170698864,0.9045964111338435,9.90872459757212
291,100.65827645584179,0.8713123002084877,10.307647329250711
292,85.23387958251718,0.880634330067214,9.221821189314813
293,110.83084429901831,0.8623889951182747,9.901176228475606
294,88.68857315909008,0.8542052075438686,9.62392799921371
295,89.15082449983143,0.8976011013447297,9.940829129824321
296,84.34705599467442,0.9351390646532771,8.729127691426823
297,78.59583280428478,0.8831371672432916,10.40696868383188
298,100.01042537806505,0.9005109116469722,9.831623853414136
299,104.35045628571547,0.8807487988125977,10.2116473048177
300,119.64295674168804,0.8827999138819836,10.87644491073778
301,118.25326786344706,0.8867535052510905,9.78980410929101
302,93.89312666714584,0.8831038182882731,10.165840067259772
303,111.5234645397066,0.8799316604595974,9.67574275700778
304,106.12928762680606,0.9176557026479943,9.722746259500205
305,105.38967686468115,0.9161377205078357,10.10698912851848
306,105.11268822878525,0.8721380675237207,9.19892048427604
307,108.438946797021,0.8875729068673304,9.791289532960302
308,114.63116327906194,0.910959548590035,9.988951000339332
309,114.16786954447339,0.9115586961276303,9.802234825342714
310,95.49146506519297,0.9472958093913609,10.198810242036066
311,113.88541126841082,0.8921662501094008,10.221653030047179
312,96.05752020149147,0.9057782840055099,9.980634344917345
313,102.95926043830039,0.9466337642885188,9.850583409129992
314,101.04984169122325,0.9314716095499529,9.174202804015902
315,112.16484996257283,0.8844733908353875,9.872191101772417
316,102.42244482723837,0.8710411499575608,10.29927545858804
317,88.15399262822059,0.8881617466572105,11.584175862790978
318,104.68292436939775,0.8751497080546622,9.762137507882555
319,116.1088465267612,0.8791737835349329,10.472752196779469
320,97.57670810389368,0.8969970772006958,10.3451097816022
321,107.17901568113587,0.9201721287501617,9.556228318187195
322,105.86371483348756,0.9122638919448645,9.439483093156223
323,81.61781833680699,0.8434178110510276,9.498566858735087
324,107.61474920781046,0.9192561091102799,10.331432048524952
325,102.41119899928053,0.8883443927320058,9.27127222521952
326,106.35738684287985,0.8815646366227987,10.826326724577843
327,109.28340398864388,0.9087830225421377,10.690519320553708
328,108.98714885762394,0.9115040317077672,10.556266073101735
329,96.74970613451794,0.8767729129392849,10.457838723463674
330,94.80748113045873,0.8836363518479735,10.277635342179783
331,106.55172418820821,0.88247995696405,10.091300501796878
332,101.326649067407,0.8773399458428411,10.242161450031482
333,92.17668795929058,0.9227440276988461,10.13624521870684
334,97.06814919862036,0.8864709027873662,10.992622569953378
335,94.38527272281195,0.8458563240764501,10.927607924543668
336,93.92520324636267,0.9373941726864516,9.953389100554789
337,99.56113538208199,0.8985636716828928,10.586312541136767
338,101.04100958068234,0.9128501648762766,9.91014091981176
339,120.6806708066327,0.9002448994647505,9.225174552762342
340,91.86881317518157,0.9129138729803318,10.524169190612113
341,104.02557292487857,0.8694046403181627,9.458000808886682
342,99.76179187931865,0.8878635230031021,9.669134622599545
343,95.45948044249269,0.9725452012922855,9.828861958636145
344,105.59074573737946,0.9457444207841431,9.75845148274376
345,111.9489336965841,0.9006994614799743,10.312936361191188
346,99.97241445941914,0.9193204586886828,10.562166905556147
347,104.79011690074454,0.8848051546797708,9.442151300638432
348,88.33344930748271,0.8794643287031848,10.06379061225618
349,99.67467992444739,0.9128369590519692,9.7070827415036
350,109.70180885347685,0.9495943968686437,9.611493018917551
351,113.24460237013986,0.9068880390993267,10.680752799632184
352,101.14875933385497,0.8861939815600393,9.609389855596678
353,97.00072688776801,0.8966528157030025,10.121309514131164
354,87.71621079292674,0.8851094991407885,10.602976867642266
355,108.92607915040149,0.8784905680286803,11.013158500834383
356,99.96297004018523,0.8931053924411443,10.259800110576986
357,115.27378022959589,0.8934310424773492,9.618112614592468
358,98.10412302377544,0.8830599193583277,9.882450586004545
359,94.46893929098808,0.9047093903809207,9.590988688524853
360,117.54191910662219,0.905575534932695,10.285983795848285
361,94.16636061967262,0.9007410850702845,10.042228470591366
362,105.68769931332054,0.9021065302692101,10.641825969494988
363,110.80573715721924,0.9002031743841147,9.731667464769115
364,94.28991100432587,0.9414839378513113,9.479760457020351
365,96.62836641221301,0.9249118646536999,9.95038463321151
366,111.65489093119878,0.8797753753066476,9.818466451814237
367,118.67313227192032,0.9117651475235399,9.914469041361281
368,82.45788590865311,0.9182013533906158,9.420406833806423
369,104.63952165786574,0.8927836975941617,10.060453882368279
370,105.98711998621386,0.8947415489540397,9.998775754408674
371,105.51165591382839,0.9053249207000382,9.822148980288299
372,102.75776289281048,0.8951475276569525,9.63276320962737
373,93.22189171513065,0.8833384334765653,11.020350893935856
374,95.15016157051068,0.8748611123496014,10.296865476996508
375,99.72081857378502,0.8955984248753909,9.239400480044697
376,103.71647844962669,0.9363605144722054,9.518630913478058
377,101.89473163734476,0.892081203479622,9.842537058333518
378,112.0824785710958,0.888288288852065,9.839047888286615
379,87.96702472799093,0.9285188990715545,10.458933644854064
380,110.73832214129915,0.9215952077531112,10.181708985535664
381,99.09136298193869,0.9001333108817057,10.57375942906782
382,98.95980244263694,0.9026046329913427,9.956618282573183
383,114.11949314872318,0.8592919897152232,9.613811619471624
384,88.31143330357142,0.9202455468502111,10.223287585615523
385,109.87367442850268,0.9213725365215825,10.428771877692448
386,111.87000332928382,0.936749336321884,10.126507855976456
387,113.32699398971224,0.9141650465036881,9.992885428441571
388,104.06776007465186,0.8697407883778325,10.018137699408797
389,102.48050704400298,0.8918148816292043,10.10296306532525
390,104.08158157182007,0.8883778309821051,9.413320911308258
391,107.38006616789366,0.9123347396641184,10.346441142606967
392,105.92386958378087,0.8963731672452894,10.142397553432833
393,90.62946653359417,0.9122630497265758,9.990138601973666
394,97.68449948495518,0.9039816713789757,9.979896916488512
395,93.5771292451305,0.9212587268220626,10.162052756539094
396,111.38656274638718,0.8980192777621109,10.516905363755264
397,86.15772088738031,0.8956030247707844,10.42950663505324
398,101.93965947152736,0.8920442813248136,9.479203011439155
399,90.7285001996722,0.9371095725138399,9.395458662621506
400,97.3245775290923,0.8939172935275459,10.176002764536575
401,105.71287786890076,0.8774553463962225,9.662731080184122
402,116.49256957880084,0.8673313429594512,9.273608603068059
403,100.98408779968655,0.903621675188372,9.523623259785316
404,109.02646482451473,0.8837745693567673,9.486945200834247
405,95.20869404455767,0.936979265087997,10.200389856714608
406,90.89540329572733,0.9151512922792546,10.686575444959464
407,95.32427543105119,0.8863970854128804,9.72945197111053
408,103.08086410455853,0.9306755791569167,9.915030420905225
409,97.02761505327767,0.9465611811840524,9.144750361391543
410,96.33187759497103,0.8928758278725368,10.11449189867526
411,102.36350799560252,0.9152275216316936,10.171825270235068
412,103.37607679375064,0.90068415697702,9.629720574514804
413,94.9083268130029,0.8897506828199756,9.951806451215045
414,95.45361918516778,0.9077887232037616,10.15078293987067
415,98.88150348913027,0.9051225269570923,10.594237007008024
416,94.68611142164067,0.861013067702914,10.541529405645742
417,84.02924847918179,0.8518555479943896,9.564769031652498
418,104.24813665297307,0.8821242819212151,10.075221358351262
419,90.86125123056455,0.9035338118303764,9.663139788520546
420,116.60368494129412,0.8899370142238984,9.991197075945403
421,114.14738948833507,0.8593756172224771,10.425111406084815
422,101.71231343300624,0.9159792509786131,9.853358725415964
423,99.91132575352415,0.89959090258641,8.75256564154145
424,104.85866149794153,0.8972791976907678,10.798727837958774
425,99.71424211574593,0.9208176140519884,9.599174306465379
426,100.67636589773545,0.8523498444788099,9.722663765366246
427,97.35547029900654,0.8986727897990947,10.729361423446168
428,117.08340784484909,0.9148203056481934,9.10257314227348
429,116.41356619207683,0.9130529150640773,10.699430790661555
430,105.97899504096556,0.8745321355837696,9.636194736997647
431,94.31491746232528,0.9059405930245127,9.76657355003706
432,100.9306653609827,0.8716953256435432,10.894627649750865
433,104.82712873088178,0.9004335904120614,10.17740334877029
434,98.74833937713721,0.8898632460976404,11.282554896479361
435,100.8802233637912,0.9049676189737149,9.894049649420158
436,98.87845456674751,0.9504131562716585,10.058200959177494
437,107.32905692378885,0.8971282649105055,9.955252114547127
438,106.2806654749606,0.9289599363694165,10.431990919433805
439,98.84727984561188,0.8808753225646725,9.815688464532359
440,101.98326973865109,0.8767978509654227,10.14027689112474
441,105.92672333601712,0.9158232555409249,9.415229021364192
442,86.55397123510463,0.903748106572207,9.38183768103152
443,101.7785386953049,0.8962774673685421,10.316063980115388
444,99.49019700997664,0.9315883861827344,10.553180756909185
445,103.2642780290378,0.8812334313506401,9.950139090456773
446,116.7488463063528,0.8928906434384197,9.847706548367038
447,99.92780285360617,0.9162735843857676,10.228313446154756
448,117.49057441462381,0.9022042696616243,10.718106541124206
449,103.64340141738845,0.9069088711234599,9.72509833413472
450,107.96153491552934,0.8725580546534214,10.292497549818078
451,112.83530028827576,0.9089111622414386,9.942887516720496
452,112.56414480421547,0.8854527209115666,9.648982115416857
453,98.5590718102756,0.9237138802601649,10.120364367672401
454,103.34400294322509,0.8783073276052799,10.124181295263176
455,119.07119738772384,0.9033728483740223,9.442371323177191
456,94.61561901239911,0.9235382244704893,10.87021285794197
457,94.95880351790511,0.9353768503840149,9.985596619098896
458,82.72132779460657,0.9333772693152307,9.088389634998514
459,87.63903174210186,0.9091827439937381,10.15654337458113
460,105.22820602849046,0.8952050884566842,10.115349195559192
461,93.22451461808383,0.9138101903905619,9.896723735519473
462,106.48415479006688,0.8930403995373575,8.917600636940227
463,110.48212942718176,0.8926367489733595,9.975808346469083
464,114.72221756847847,0.8764427141114105,9.893834361119689
465,92.19305226414215,0.9120655253623501,9.56523394519713
466,95.47589196758992,0.8974772549709081,9.912405170937225
467,105.17251604297768,0.9371933817463998,10.397211351503303
468,89.21984880205684,0.9266295749766021,10.214617425090822
469,113.06927263073804,0.8598499372676444,9.221904530132992
470,102.60536288284258,0.9389761802001904,10.061543348199645
471,105.58569676723114,0.8598970819889061,9.398225461628687
472,104.01470797313372,0.8785439212993575,9.811460011443994
473,101.75157939184673,0.8601302335880477,10.260374599739752
474,105.8437003225086,0.8704303092734773,10.638867358355736
475,105.8302364383279,0.8997250538348481,9.454340472540403
476,85.04918896737814,0.9255028174069914,11.026496436041379
477,114.02804718719645,0.9071276100867672,10.129227814977499
478,105.43900677509079,0.8700550512951034,9.519054568322185
479,111.00090238710663,0.8984782238880352,10.8094037124917
480,92.88005978606148,0.8919679311472656,10.237922308376998
481,110.28888568739661,0.915396391860047,9.251209129024037
482,101.5551507260509,0.9013685323555776,10.44997125273474
483,91.43104025402019,0.9087773500666547,9.426601790617978
484,113.19962440314077,0.9024401522631811,9.57897087111747
485,90.2490199425751,0.9078022983506273,10.368659628876298
486,98.63192189900353,0.9021425083518012,10.155263401956777
487,107.55143301349449,0.9189615482336501,10.728558827416943
488,99.22000790898653,0.8766274821620091,11.045422557838993
489,98.8400445964171,0.8916438540934819,10.300975559726593
490,92.6518084061706,0.8916452017543137,9.680223016824701
491,90.77403799351288,0.8747776497450948,9.743877362850847
492,123.00342422590312,0.9312006757571742,9.632186159842735
493,96.95177066546245,0.8726115684806063,9.332635487824442
494,92.47917535418222,0.8630970944898124,9.271495226614844
495,82.51407006984293,0.9266126331855695,9.526705188477784
496,99.03508773754467,0.8847005175954975,10.490917596940385
497,91.3570548110862,0.9072108339443626,9.762881052323662
498,106.35085919245115,0.8940208654322789,10.39092398614767
499,90.41771177066651,0.9146237215723771,10.711624334254534
500,107.36400013852179,0.9173567768637954,10.098940187066388
501,104.06663731011926,0.9186966347534238,10.21763366796953
502,80.67151532132922,0.9139649885744551,10.469935618227485
503,95.11467929385763,0.9136410973840409,9.442068415629343
504,112.55952587610022,0.8807459981834421,9.161859488249094
505,116.92555345607724,0.8930256842326053,10.173019304481645
506,102.02858109698792,0.8913921635885541,9.938120679449826
507,98.82666057795979,0.8892955580209243,9.08587172797897
508,103.45883767716596,0.8926246124248348,9.892495469587312
509,103.07448476190078,0.8840536775701653,9.961087178852297
510,99.84593964914629,0.9087171676060124,9.895620639380102
511,91.46861782434058,0.9102510899612105,9.957784407197442
512,98.27292818951481,0.8974642170763918,9.740795240072257
513,93.7533427405,0.9108861885464042,10.300413196242161
514,101.35161770083711,0.9045419254333412,10.268754684484989
515,107.46486836534241,0.8528306847644526,10.623556876414197
516,95.31154207836339,0.9001672515178787,9.993059525092772
517,107.23538209578416,0.9087947767300162,9.541911706709147
518,94.41779920099813,0.906486837343355,9.463665907059031
519,84.76937988415716,0.900861716064609,10.502090456208945
520,99.69288402703549,0.8876508002433326,9.356677718806754
521,100.21888816066307,0.882617127515427,11.286281181700936
522,106.38195560040795,0.9067020207427784,9.266515590381838
523,110.84712684850925,0.8881116382299515,10.584726012728753
524,99.91581179464347,0.9153979539624902,10.488360533403794
525,87.6865929248938,0.8758061256669402,10.919720137751224
526,104.0861863086241,0.8967310525876838,10.044426466059324
527,100.66919891867714,0.8970102127513627,10.670359632231404
528,102.13557219376723,0.9120292536509834,10.897655393246811
529,106.23026115385946,0.8986301861238891,9.474283790642898
530,110.08534612950847,0.9148900865015337,9.885363627419098
531,99.19149843396143,0.913209016587557,9.121916677811
532,102.38463488642999,0.9009900214297392,10.253880496340171
533,102.7467876687312,0.9313040674433509,10.081323708350139
534,107.06843042471537,0.8650603710687563,10.069181927236231
535,82.33831610170957,0.9417491741400672,9.546138248570882
536,122.28865395443614,0.9064303031037526,9.441308581832983
537,105.64115081506885,0.8789148308008871,9.464171553180028
538,99.69930977738699,0.8689144252440776,10.126928963275885
539,99.92127015590756,0.8671472300517263,10.42325740617717
540,104.41587320906015,0.9033961223768444,10.182260917973716
541,98.90295023566739,0.8910684882913094,10.907440617290963
542,115.82142616994433,0.9091316940291255,10.356559238096601
543,95.7220133700014,0.8627695206865756,9.804344435615816
544,91.16461149642079,0.8860534133455371,10.275397424385165
545,89.6950004740686,0.921021731357501,10.123238920611763
546,103.55897989610928,0.9567658968697361,10.267472340622787
547,91.28448199186525,0.9088482944453072,10.05147628211111
548,99.44649729914146,0.8910029778015764,9.884387669776876
549,114.23385010780422,0.8697388237472827,10.421504021798171
550,99.48386033495457,0.9019943994461379,10.974966458416644
551,95.40309606348558,0.8957227078338832,9.412309009183017
552,88.49227547740995,0.8949286650502434,10.401408026868394
553,103.43072347685182,0.8811689621925786,9.148174797586135
554,95.4332398223832,0.9223020264943591,9.540225673178888
555,112.04427139309244,0.8688062644437523,9.581451253865211
556,95.08746858705767,0.8981939428634708,9.733011291139064
557,111.244370013154,0.8834952671174862,10.324722855172427
558,95.62070144101715,0.8796612683644695,9.538987973943382
559,107.49623631788539,0.9047315201122741,9.221179278128478
560,109.8133983158397,0.8837032595459915,9.753635923973627
561,114.92759615257998,0.9264536078679723,9.939644341942548
562,108.04737612859957,0.8811299013378157,10.574354862303595
563,112.23459763339075,0.9252216362716834,8.987838271440467
564,101.12497990257219,0.9012126261227278,9.826603414084225
565,104.70255355083441,0.9395826706293274,10.017133575247117
566,102.85435114989457,0.8975783564411561,10.325814597949986
567,91.2203754815356,0.8734278585174238,9.716281036785926
568,101.5549507982282,0.8988446326487359,10.225241582481292
569,104.64451266720384,0.9118373789373381,9.725212661944276
570,98.09958328117048,0.8872509756999665,8.70896443646854
571,100.45659254261845,0.9106171632766957,10.171787370999157
572,113.91607609828628,0.869810385180295,10.095160475943398
573,88.0251421979297,0.9371009368134021,8.778535439872131
574,95.27313780430053,0.9212726592499283,10.220261970849776
575,91.46241814287087,0.9146713142293752,9.685026316321458
576,92.34815183178279,0.8865118968841946,10.290477915432735
577,99.89326057202564,0.9330880287930862,9.559671279843993
578,88.70650118562357,0.8636655213463877,10.293916833775569
579,119.50185947137618,0.9049625033593854,9.320844492422776
580,88.16565264966104,0.8876366075853632,9.81819796993395
581,101.68288079291592,0.9175942838040954,10.786360754904283
582,105.15725678832794,0.8894252967675548,9.705145871077473
583,87.56708371987682,0.8886558332864923,9.735290910982991
584,93.71228184680653,0.8975915850996298,10.145595376559056
585,109.1836596381023,0.9111986669138126,10.076496605303102
586,83.2996239068745,0.9246069838006984,9.734462102469024
587,103.61066874458677,0.9073671182189672,9.75317878329303
588,105.27706267394849,0.9148324834202434,9.777891693229504
589,96.4833196970058,0.8898839180240432,10.920662455508255
590,110.66399386867124,0.9002720097771311,10.10820634631633
591,107.20231062445616,0.9047291648976012,9.87978627776673
592,98.80824145923853,0.9232641221544141,10.726621814360879
593,108.05076208769026,0.9270609271506147,10.675760842496729
594,92.22045758381283,0.8921454659438123,9.73178280061855
595,99.75181964374404,0.8788116081910663,10.259948976873327
596,104.78975049917165,0.925439370696003,9.717935593850601
597,93.59007007499703,0.8791497913326056,9.742731001181575
598,98.94123108358443,0.8674664519138013,9.350820684179888
599,103.51318963393388,0.9003260260060172,9.687430045026861
600,103.05959336554201,0.8956850080742844,9.732440686494671
601,90.55411716634826,0.9279089371526001,10.316755015292179
602,88.43049661627944,0.9340255644127885,9.144046715065713
603,107.9749985280104,0.8781349818337941,9.49843849692305
604,96.66315101048139,0.9101370381566638,10.03685441736472
605,88.01304713914442,0.8741219262843981,9.854589133947808
606,105.06694209088639,0.8635669369249572,10.137015047837192
607,88.28293655445356,0.9087052500412329,10.562179209048104
608,97.17740169224918,0.886811384820503,10.404280406254685
609,84.97113573438423,0.8924704986004958,10.265870939790924
610,103.73714751162144,0.9133222881024183,9.51665357317778
611,81.06666362888839,0.9040359897396347,9.898943921185193
612,100.97587967154728,0.8764177964406437,10.142519565410733
613,97.64357727323498,0.8858567546993553,8.79798639727714
614,98.91193710831418,0.8802240734904221,9.19522992343899
615,102.55900487085826,0.8953057602613076,10.279280807778399
616,95.84602145233751,0.8734230203958786,9.326933703788159
617,116.81130612438082,0.8997503346004834,8.88869112744529
618,102.12003449473376,0.8750646402774218,9.521722898865072
619,115.53776782040606,0.8772295821592432,9.663069071938073
620,95.940189361403,0.9034946949788351,9.534903128404373
621,80.37564392145427,0.9105992363044829,10.638252682842557
622,105.37974852270294,0.9333075385535227,10.123310203620516
623,103.33906371006772,0.8934178726758187,10.782018633861929
624,117.80809376030402,0.8673865350885692,10.292136824084597
625,99.95498468146697,0.8990910193494576,9.465988356393257
626,97.28540775029401,0.8967902435439016,9.964011983743932
627,103.49590425046334,0.9171093702064895,11.3807264251548
628,99.97754186255025,0.8847028255056097,9.537361627247927
629,88.7038279993193,0.8972142549367608,9.11611113100389
630,117.6239064533644,0.9095422974659507,9.47332008847898
631,103.02206132783533,0.9119543895417889,10.213417267456158
632,100.39038950100118,0.8726003768589782,9.384324281731876
633,120.61920847166019,0.897573718978505,10.229762404937114
634,105.43069594535918,0.8864672418951642,10.056329578199307
635,106.33367159184894,0.8852585598098495,9.826977546365292
636,102.6145446617895,0.9276829606810116,9.607433359892081
637,115.4295176992508,0.8646504909390389,9.691854990822398
638,110.97464507434218,0.9051931197478367,9.616693722405381
639,118.4199985123938,0.8931804005503898,10.270257647783275
640,105.69127202335002,0.892943028466556,9.721602724470683
641,98.52218796161071,0.8924475546863773,8.707549737971704
642,97.83296039788759,0.906698369427478,9.574148707634471
643,103.19308503628608,0.8879227540015413,9.835015988072888
644,87.28542208483935,0.8763991515841164,10.730572326975082
645,92.49119615057772,0.8867796693397325,10.34260509663243
646,99.82740296424208,0.8980354948528506,9.765161396689829
647,89.49963491545414,0.8703206435525219,9.283382040279657
648,118.46869058127805,0.8926082799308126,9.303538304276875
649,106.78748488288716,0.9124482118788139,9.809292380371522
650,97.342143550373,0.8638233427903027,9.581551124049726
651,103.80400265239183,0.8802735133797978,10.510606271484223
652,86.1309610310775,0.8947557625260268,9.54578492022351
653,90.33039260724742,0.8596208249299783,10.144272814521257
654,108.51216642918338,0.8659342692765523,9.961841392585866
655,91.7389272692053,0.9307844033054055,9.737549260417527
656,101.31178362053846,0.8662837300145773,9.50176377183622
657,103.66767470682294,0.8640422223728789,9.352424455727093
658,105.86484324508999,0.9250325047387394,10.885895048772436
659,109.53741955794757,0.8198615219296096,9.491652360934463
660,93.22866413556349,0.878066126706074,9.768674696175816
661,107.94313664864684,0.8941059457862849,9.027995125371
662,110.47598198267659,0.8766477360929585,10.2368084239913
663,119.27821497308294,0.8928206218686281,10.01145392080441
664,110.94085671263375,0.8916625389255012,10.303896660669098
665,81.40994316154155,0.8735262207121436,10.242942376906692
666,91.10701875242671,0.8757543099877979,10.567417747332309
667,112.69180959724703,0.9108934011372377,8.815397272484628
668,97.10828801395918,0.8966758275592317,9.50401458224011
669,78.95904868346324,0.8523422579706917,10.282059260466868
670,93.27077691364323,0.8558484421815551,11.053567117573284
671,98.69785876901602,0.9155181654482065,9.349707312600021
672,101.4394650710475,0.9037378224957808,10.279026892724927
673,103.83926521997346,0.8590961274864768,9.984701010787678
674,114.00772032183853,0.8778477925750973,10.619843127804824
675,97.30451024301891,0.8423967530615026,9.474782438362983
676,113.18404159307045,0.9065365902177974,10.621905358935289
677,99.63043185088368,0.8902983100737586,9.060769776073762
678,108.8967590171171,0.8585793769168188,10.06008068551463
679,104.09357749984264,0.8931187287044662,9.038546209122797
680,107.67022517139475,0.9073576741750714,8.977855765763328
681,97.77029086788757,0.8761669543014994,9.42659102052132
682,93.71130922508836,0.8535156766457119,10.511256677740239
683,87.46406726146262,0.86492823784103,9.76197759383625
684,93.19518664722621,0.8030109612994082,10.218746969494797
685,88.30625320817079,0.8930797310196706,10.327791976356858
686,100.17189360626531,0.8938714050153508,9.48543300205875
687,109.07569017339648,0.8820145818712686,9.802609730370182
688,106.23809247236514,0.8617070373633047,9.663044087152098
689,110.42505124116377,0.8653767426868294,9.673392580137852
690,91.71682901206567,0.8663124843767431,9.507923858365634
691,106.43884394004212,0.8810489459235196,9.764451067027215
692,107.61164858375793,0.8646107545371943,8.650162661640437
693,105.74174943839257,0.8687704597476592,10.404792099328386
694,99.16056907145214,0.85279538859226,10.55206378033057
695,97.9906378570243,0.8459538144604524,9.837441206079594
696,75.98143168460614,0.8873347774252924,10.152503223773824
697,87.23291654192221,0.8752018162702662,9.421175345317273
698,98.27959355022594,0.8961523575871682,8.686594112052978
699,103.73494149093261,0.913885677265508,10.119868478384971
700,120.49492370051355,0.8608843769780048,9.28971798059255
701,93.39043508479232,0.8740597316014416,10.169638718171324
702,92.1720771956347,0.852827108282468,10.542783271648034
703,110.8242393056792,0.8608520793201062,8.696438370001635
704,109.96917889904024,0.9068154631847946,10.187099272482614
705,95.06762065343074,0.8774357483504458,9.768126428741025
706,109.92759991001206,0.8493086595367478,9.894755380025442
707,111.10268283301096,0.8543751108563657,9.848142122455307
708,102.10322028849916,0.8356305562916037,9.00497706982767
709,93.79355741753253,0.82911880789537,9.491185928083272
710,89.19461222315695,0.8744920920965992,9.756836372214217
711,91.13642062400538,0.8587991546700459,9.056398007816084
712,101.79064094007278,0.8708568699171096,9.439345958528824
713,93.12592717561525,0.8461232633664404,9.424630658084796
714,83.87298976745049,0.8638783509492344,9.42205628254758
715,103.7790927065443,0.8363775687722099,10.894049837470545
716,103.09357033709725,0.8675902474175168,9.38803023074459
717,95.09614752449367,0.8454679512503165,9.547730861893383
718,93.979993089702,0.9076975829500633,10.451851818534351
719,114.37695352943189,0.828986663990261,9.21948758904313
720,105.80134613980431,0.8914577534938587,9.490624424319217
721,100.94825130921978,0.871979181524313,10.137387843632162
722,118.29294486065697,0.8096200953844385,10.196250659482514
723,111.81887664441896,0.8469669377459695,9.906629199765376
724,91.40887087641045,0.8792190365219019,9.276711564607682
725,129.76988415600314,0.8671861806038738,9.58104408010385
726,74.06471710762142,0.8789883049796186,9.101718530274253
727,107.89453865367193,0.8455578962741436,10.536324499976615
728,101.3029877805002,0.8490496877843666,9.609872525257884
729,95.30965775341099,0.8628545470683965,8.781871328589247
730,114.45451252332764,0.8905594885811894,9.486181334846906
731,85.76532306181987,0.8372172618873136,9.605466815379511
732,84.89912449249195,0.811290970597303,9.41676629927789
733,97.96901401835517,0.873376028329767,10.74376883889068
734,110.65278662326143,0.8757782510988361,9.646782411350951
735,89.91618141112858,0.8778821938931477,9.156929406078424
736,94.30442064789399,0.838572381449343,9.064381458036644
737,112.80037466449971,0.8467249176058982,10.340475756900066
738,99.06068506594502,0.8543058856463022,10.155970392298144
739,99.88190781011998,0.8975765718302141,9.617916169664525
740,92.69268735725477,0.8400105718528245,9.421290399652431
741,106.95312551598691,0.8640772465376371,9.561752192520164
742,102.88433290879351,0.8440911066620143,8.89890317087374
743,85.37168163534255,0.8456222710111327,9.608801491992557
744,104.5080050362128,0.8688094852335321,10.315736080622026
745,104.00513421341464,0.8658989391888183,10.084920733006804
746,97.16881617296771,0.8733858446274071,9.543493224406019
747,97.01010429579418,0.8798428769009888,9.16906080093065
748,98.57002565325749,0.836906083994414,10.3321081010698
749,103.96166094193428,0.8645531655574431,8.934113208360829
750,97.12663080946646,0.9070289343451206,9.633775315571482
751,107.40078772747279,0.8459318519430703,9.787526407528956
752,89.72463020744205,0.8644354238052347,7.985244750904524
753,127.08952205930741,0.8483921475057821,9.97802047087187
754,105.81813063001545,0.8809530510427306,9.345847070536694
755,115.95354243568451,0.8491664522287226,9.247622038214256
756,113.46726887537217,0.839026832178991,10.217143076882284
757,101.2181759936483,0.8544439037260488,9.47586647396968
758,89.66447843200132,0.8500210928280981,9.136865322419414
759,112.76123827165642,0.8494807044038578,9.84886693117327
760,108.51136130438894,0.873681397142356,9.361578889540956
761,114.22621478518612,0.8651313196860267,10.23730841288824
762,106.38314221949143,0.8161371901927779,10.332631221457067
763,84.69696551723841,0.8626920758639067,9.87101346453904
764,111.10511320214133,0.8337974200914376,9.734305080858128
765,87.26023870881053,0.838740227250366,8.82241652383502
766,89.18173891519154,0.848167115321826,9.871720069130864
767,70.14769252097065,0.8688394779458168,9.647185120910054
768,103.99073321550206,0.8633880028520617,11.12994066844574
769,95.07454899282922,0.847246106720162,10.15312632863647
770,104.49672327579731,0.8422021921931888,10.317708917935228
771,107.2351567113337,0.8126452943852955,9.898805947139719
772,77.73378204437948,0.8753688724036712,9.554780357565475
773,103.34542446873448,0.8020828712387233,10.111363178062257
774,112.43402905144141,0.8238664823625577,9.931056181860887
775,100.70292104416347,0.836842370528018,9.590163453273316
776,106.68822115993851,0.8276354620456496,9.502445271697344
777,105.09158235907842,0.8405330876357007,8.993588937314602
778,106.20944486990193,0.8316837583564506,8.733448578807453
779,101.50569899701998,0.8307476836602017,9.552401697868303
780,91.01165311302498,0.8177532139907635,10.430250472622046
781,92.37102242278584,0.8672263673765518,8.442402630678746
782,119.19077022806543,0.8504058004990575,9.696210508023892
783,93.55989770354385,0.8142788108060405,9.983021445545702
784,110.86936548700714,0.8559879193888539,9.287913771178951
785,119.95243790887866,0.8329594720793922,9.74923005280514
786,103.61922502235491,0.8504712251929809,9.57808619459448
787,101.40602935644966,0.8517494639533522,9.354630740254622
788,89.98153099703832,0.8393568173775853,9.145627046838888
789,103.99600202299796,0.8542101340596445,9.397070824285446
790,124.44878445097325,0.811534466752585,9.662912776190536
791,93.80968644287466,0.8386551515157794,9.55159161096299
792,103.15196297676825,0.8363995018063961,9.655617301077148
793,84.23752405024995,0.8487258590787606,9.492654218230225
794,98.00941599917373,0.8426023752982272,9.973180723251152
795,102.77415831659673,0.8135701369419835,9.76646652997154
796,107.67798906975187,0.8269821515344878,10.123423042853835
797,102.30246443918213,0.8756761771236303,8.975130156396093
798,97.30190699277489,0.8445753582162399,8.998267466879632
799,76.97093244014751,0.8589159923097186,9.424285126533727
800,109.23508034656109,0.8715840962126937,9.760164467873691
801,108.59767120003298,0.8379261021135689,9.003315923849538
802,101.80489598419803,0.8502665514503771,8.985329250796227
803,94.27030321962617,0.8604406256943247,10.098323611889366
804,86.98886136314972,0.8321892699875797,10.004110715891054
805,108.9311724043834,0.880841468400922,9.025748951624962
806,115.86511453885188,0.8276993390424091,8.833827838117061
807,84.1453697868813,0.8601495679445182,9.221920315688179
808,92.41622554270728,0.8370730252775392,8.861867922255787
809,115.0410042197591,0.7982875332106054,9.740474197208464
810,99.34113404436692,0.8088070073952682,9.230605925443621
811,88.03826469876181,0.8497861632045842,9.699485272374586
812,95.66763916587935,0.8105436872070023,10.168984120208034
813,95.1009759559587,0.799109671866367,8.771270637740102
814,96.13830481105032,0.8096542015776657,9.647321456126932
815,99.84579112421397,0.8325666608964789,10.114930236084884
816,92.6073656632893,0.8516427452963112,9.85173980762963
817,96.47656312115711,0.8719900532767961,10.120376932669213
818,108.5026854243706,0.8180119740687889,9.1881631045373
819,88.07304393593016,0.8351438104717418,9.15006909802171
820,99.14838089913553,0.8333728558132697,10.083494366668251
821,100.25528568077914,0.8457156219654791,10.623435138655433
822,97.71373119527406,0.8231327610731137,9.345184791973791
823,99.9581029028767,0.825070525326193,9.777484958074615
824,80.6959562375969,0.8335699767698208,9.550052893276192
825,109.82727612171905,0.8336555320995297,9.793699642842869
826,88.31640195089221,0.8309144511713922,9.086043841727342
827,103.64363750910258,0.8282349433740324,9.503502303111704
828,88.19763755689243,0.8341374557265198,10.50187404702438
829,102.03438815093098,0.8220693884945377,9.617327707978317
830,97.0785196436904,0.830098879256837,10.164087313916129
831,117.834806644099,0.842846065327325,10.224681509004167
832,97.1249558666526,0.8401884867113787,9.841865508389606
833,100.20779782274207,0.7989594197413974,9.97843499561178
834,90.11505444886042,0.86595272691719,10.29318424165647
835,101.44024652402595,0.8002209790760242,9.5480600212844
836,78.91908836083083,0.8125195335806136,10.2715568008567
837,123.4147891938412,0.8092860646151974,9.459287087077074
838,94.03591932366731,0.8210319232582572,8.913087424962004
839,97.31104689798701,0.8165671210780027,9.27247954967478
840,92.08666288417108,0.833371506474947,8.579268039944752
841,120.81199756680722,0.8121172869517165,9.799166757917135
842,112.03321482014759,0.8447690927001618,9.058054067227525
843,113.9237701160525,0.8221542722022868,9.169214706547482
844,105.09566880980044,0.8393860831727424,11.120676199226313
845,82.07825009518852,0.8379222186970553,8.466884036425617
846,98.69994538655187,0.8384470855089301,9.72068856485296
847,99.67034457115922,0.8269245132337659,8.952105712930258
848,101.82110619827154,0.8294557128040021,10.155695255676399
849,97.26190198308562,0.8407698538449659,10.54603047973842
850,104.13265497515438,0.8483917442873925,9.29479554055012
851,114.8532294615209,0.8340818225260822,8.734073869480323
852,106.06222673751041,0.8571348222929571,10.589932267325526
853,117.16821414586978,0.8695845379279588,9.581573052754695
854,93.42835755938046,0.8248865380549018,10.217623879498262
855,108.25081613738662,0.8133899940773694,9.579484169497809
856,101.10279779872432,0.8256047340038077,9.126576833344501
857,120.81449433366906,0.8240547116632168,8.75310695686188
858,106.20436904668142,0.8124172398312665,9.390907311280642
859,105.5569315996745,0.8096568399508068,10.097316243438172
860,107.09118720188393,0.82708531394226,9.46176672487994
861,97.82504422292332,0.797533654104204,9.06624024053725
862,80.88451746085109,0.8020146662586117,9.103408824416185
863,95.41569775942686,0.8186298087293683,8.772494260140677
864,93.89238022655007,0.8098659344743082,9.198720629691966
865,102.69596937024562,0.8154303310734038,8.984172899848817
866,120.0894960892828,0.8213869701036989,9.536253300006756
867,91.83453825691413,0.8340265361169602,9.585938827449915
868,84.09285411892353,0.841054684272017,9.354362614743131
869,111.84600613978276,0.830356592338274,9.68048542792639
870,94.70086171985407,0.8190555498598554,8.871843516069802
871,84.94428451489212,0.8009752015065277,10.441255944640444
872,106.04516256319329,0.8411675459985472,8.927954145160973
873,114.46748158420901,0.8058113582817181,8.558050208078505
874,105.80529943174065,0.8362105260349362,9.88858800243629
875,107.18712295507699,0.8298454105839734,9.877388946004904
876,104.17928615724756,0.8256572658039769,10.177917683319633
877,94.4067723517823,0.7816709794102688,9.115106641769573
878,95.0527196661857,0.8032948255304478,9.961649199672213
879,83.69980499360818,0.8231237301611426,9.903838652279106
880,111.47600453214828,0.7957389863848696,9.540787894489206
881,108.09460265959655,0.7952372104538175,10.236090320962436
882,95.79401641614643,0.8106875810044967,8.429911634780579
883,95.534096000722,0.8196137812773749,9.453657707905066
884,101.24554186038792,0.8037834153326096,9.019761905037871
885,113.06618083204151,0.8337332292488302,9.335039975321452
886,93.04351404360462,0.8595533764923424,10.246211048085968
887,96.4298983077408,0.8316879224581867,9.55206367568199
888,95.19244212112496,0.8095214296368619,9.429382629720461
889,93.1608806992944,0.8278477765711861,9.278119706218886
890,101.72496766729914,0.8001394131384862,9.63445738441764
891,77.65918921497747,0.8056995289064337,9.969892394204194
892,82.23796688366288,0.8226744795544118,8.985674696440164
893,104.42525443279048,0.7897907079948575,9.505158784616496
894,84.2528745993755,0.8123445380106178,10.016998283894527
895,91.41226189450224,0.8303223837543238,9.812627213323829
896,97.16637094093115,0.8132127244284681,8.84992471091173
897,80.20106647910023,0.796939587716804,10.26403626655985
898,90.46779924527718,0.797236271129276,9.019518160034881
899,91.48905065766175,0.7713376351782218,9.850232430412815
900,75.71901282253067,0.8469740872481718,8.286712969134568
901,80.1653339648269,0.8403845024459244,10.117954026052523
902,88.82812588442562,0.8272228486278018,8.656020739626985
903,87.04736395189751,0.7821606928062254,9.212099497444571
904,112.44404498340148,0.7957630970467124,9.337034001682348
905,94.39020175954306,0.8173413758292883,9.45356653424517
906,94.09540019742755,0.7771728034635756,9.272242366747925
907,101.41666881923355,0.7979877997363561,9.59543193853134
908,100.12174939046649,0.7772353842684082,8.86828498704629
909,101.82162145198015,0.7901647559318871,9.14830601511171
910,111.75168446214346,0.8107725452777075,9.797185000398102
911,92.86394542853596,0.7630545204345178,9.265402635209297
912,111.84214142929503,0.7955105099509551,9.500580440841976
913,105.90923709560317,0.8143006322879913,10.181676925003133
914,99.47339530364194,0.7820328741745127,8.997725533194869
915,102.36100433324118,0.7650623809132336,9.028545204560592
916,103.80710077242593,0.8142025598253789,9.628544660930958
917,111.30336796356146,0.7612316479497466,9.75476126219024
918,103.75163176471237,0.8132068610792162,9.792371592505498
919,102.77141639824762,0.7945194505366748,9.999484917135677
920,102.72140996217244,0.8307063205580227,9.228295837366982
921,77.74842150359929,0.8035891294438982,9.799672382648962
922,108.87373757145284,0.8005900358694067,9.752614331701572
923,130.60662222125868,0.8285017564774508,8.755622191397041
924,111.44243820012473,0.8161954925264007,8.771175430829539
925,123.25272339170243,0.8112798426703954,9.90625514713673
926,77.60130679940653,0.8171655817701685,8.952913257132694
927,98.68765131931461,0.8148515213837059,9.562412494628608
928,101.93723853853243,0.7842691347817408,9.710341942714948
929,94.238197734298,0.8221052922028943,8.02965539187255
930,127.04394249001152,0.821217177813554,8.713968427283698
931,106.52286501603629,0.7861340548561448,8.828060892992527
932,99.14127430053179,0.7551450978681283,9.69094570348685
933,122.83781372630841,0.8208528336482571,8.742660127981694
934,110.85116318337403,0.8171349888572941,8.79621992068591
935,116.20932114782266,0.7895848081841376,8.978913150051454
936,106.8057405045645,0.7964072100325955,9.703284285044784
937,108.39371917537456,0.8169150185455185,10.100042780164245
938,92.82342644409586,0.7939633044560412,9.501261686295146
939,99.45382014711188,0.8177699266482444,8.987271026274554
940,92.83046582814458,0.7969875312217339,9.766072129267927
941,115.77345978281558,0.7907623740903168,9.919641596837868
942,109.24963078299326,0.8132260037957878,9.14932840625803
943,93.47182396714908,0.7634223121762862,9.495706035765881
944,103.07848678890933,0.7878192768669202,9.93625815494567
945,113.10501735259601,0.8136143539160069,9.569273721535307
946,98.43841117332083,0.7815640011706225,10.072270974664855
947,88.29989580301708,0.7941381062592772,9.51354631143498
948,99.77785293627268,0.8363411334178361,9.150919297858902
949,109.07583899260028,0.8031717565310835,8.280043139754454
950,105.4774884214162,0.8139968305712781,9.396628771217552
951,104.7588783858808,0.7879515345087329,9.040237455030912
952,107.54558819321002,0.7933836431570478,9.498586004570896
953,96.40695501331749,0.7881103493535474,10.269318619668262
954,100.85075774928227,0.739283407360601,8.748490056912635
955,115.20792333986681,0.7776337520569195,9.23398204644602
956,108.80013045093386,0.7808686544334632,8.920671364927502
957,111.06216606398094,0.795244630947402,8.181031861613409
958,101.03703934951423,0.8007184554063052,9.873679695348656
959,100.46288887270438,0.7695824335355449,9.74953483484261
960,120.84660238027503,0.808170781388182,9.437672485913279
961,98.38414591554255,0.7829381150719957,8.438080255622799
962,106.59376410672813,0.7780208904316777,9.167189888219895
963,104.11893705837325,0.7763670822825042,8.97692884000093
964,110.55182907114234,0.7594978236548514,8.839185999580794
965,101.79524707776335,0.7803656688646312,9.39735488047628
966,97.60803378841437,0.8152212161690292,9.741132183642753
967,110.96516219733988,0.787464054955222,9.818451967732765
968,105.75068866077369,0.7952788124760339,9.239036759909494
969,102.49116751052509,0.7506521236205977,10.631230700415129
970,97.89017750480676,0.8144821411408765,9.834391275069752
971,94.12773800729191,0.7873632144751005,10.522831619220405
972,120.71471955763451,0.7970839689603038,8.975697827739358
973,98.37702559184861,0.8041730768367676,9.81614753492808
974,85.84446877485543,0.824438489242394,8.98461686378939
975,93.88616488932391,0.8031395231145926,9.611163173591244
976,112.3991678822313,0.7905887313735864,10.270292077169819
977,115.40646451950066,0.7738619897943314,9.428855072348474
978,123.3085487463208,0.7939289683780932,9.082975417684494
979,89.58123899961662,0.7490250473471686,9.836951192262507
980,106.94011463024313,0.768053464373822,9.146634135114045
981,115.43795730749282,0.8176563220016672,8.952339979441692
982,94.32220667625381,0.7491738609990873,9.427796183701856
983,83.51426620709076,0.7914436492189082,9.11537186945674
984,95.0159094699181,0.7611361503368985,10.326300813436639
985,101.84494873737448,0.7786123466425643,9.464248381124309
986,111.93963627524936,0.8127301898929795,9.707015642670324
987,93.60353965433328,0.7629088081704802,9.635604371434283
988,95.36292284230352,0.7793207195420154,8.940668810400592
989,89.70497861730657,0.7756047129105151,9.205975801262255
990,104.30395083854766,0.8000716196965947,9.274788867262398
991,97.72864801197005,0.7678449722466731,9.270909426932409
992,95.62317213939622,0.7504765922932672,8.716749560993811
993,101.79999514010278,0.8103592367347862,9.093978765864978
994,120.99171008769522,0.7813369861843458,8.909473964936021
995,105.22058502751146,0.7589858197221686,9.446226405776446
996,106.48970217583529,0.7824196670893141,9.437428413731766
997,95.93943657931882,0.7690372756555829,8.329396749487707
998,99.0092005175373,0.7651381173078624,8.89113011634436
999,81.85603163356642,0.7455496873538423,9.522858443123546
